aX,aY,aZ,gX,gY,gZ
0.176,-0.436,2.814,53.772,74.646,-48.767
0.122,-0.248,2.968,-84.351,90.027,-21.667
0.015,0.069,2.928,-189.392,126.282,-1.16
-0.077,0.371,2.735,-224.854,175.476,2.502
-0.113,0.615,2.48,-201.66,224.304,-6.165
-0.109,0.759,2.186,-142.639,259.338,-21.118
-0.123,0.795,1.942,-73.975,279.48,-39.429
-0.149,0.739,1.765,-15.991,288.818,-60.303
-0.19,0.608,1.597,26.672,292.664,-80.017
-0.23,0.446,1.421,55.847,296.326,-93.628
-0.263,0.321,1.233,75.317,303.162,-100.525
-0.191,0.242,1.027,83.008,315.918,-96.68
-0.347,0.144,0.88,78.247,330.872,-85.571
-0.381,0.058,0.682,87.646,331.909,-83.374
-0.345,0.017,0.488,88.44,329.346,-82.458
-0.344,-0.018,0.34,85.144,320.007,-79.529
-0.199,-0.049,0.157,86.487,309.021,-75.378
-0.175,-0.032,0.077,75.134,295.471,-76.233
-0.151,0.014,0.064,61.523,278.076,-72.51
0.023,0.06,0.113,56.885,267.7,-66.467
0.073,0.077,0.129,56.335,260.925,-73.975
0.096,0.086,0.085,62.439,252.502,-80.933
0.154,0.043,0.025,71.35,247.314,-83.13
0.188,-0.043,-0.033,75.439,239.685,-85.999
0.223,-0.122,-0.113,71.167,235.046,-87.219
0.287,-0.194,-0.196,60.059,229.004,-86.914
0.321,-0.28,-0.253,43.03,219.238,-82.397
0.256,-0.235,-0.246,21.606,211.426,-77.637
0.473,-0.343,-0.203,4.272,208.191,-76.721
0.463,-0.271,-0.186,-16.846,206.665,-76.233
0.496,-0.365,-0.268,-6.226,205.872,-77.148
0.526,-0.414,-0.318,3.906,204.712,-78.918
0.514,-0.441,-0.359,-2.319,198.792,-79.834
0.543,-0.488,-0.437,-8.728,189.148,-77.087
0.563,-0.512,-0.466,-13.489,181.458,-72.021
0.59,-0.523,-0.516,-14.465,175.354,-69.885
0.598,-0.545,-0.613,-14.832,171.814,-67.566
0.59,-0.537,-0.638,-26.184,170.715,-63.171
0.608,-0.502,-0.631,-40.833,167.603,-55.237
0.624,-0.531,-0.692,-42.542,163.757,-41.016
0.652,-0.549,-0.729,-39.917,158.936,-29.846
0.675,-0.546,-0.743,-40.1,152.222,-21.912
0.675,-0.544,-0.735,-42.786,143.311,-13.611
0.675,-0.539,-0.716,-45.105,130.554,-2.686
0.69,-0.531,-0.694,-41.016,119.385,6.042
0.702,-0.536,-0.689,-32.654,109.558,12.085
0.706,-0.546,-0.681,-25.452,104.309,12.573
0.707,-0.523,-0.686,-24.536,101.379,11.353
0.707,-0.5,-0.682,-20.996,101.685,5.92
0.705,-0.526,-0.678,-15.503,104.98,2.502
0.707,-0.503,-0.701,-18.86,109.07,-1.282
0.708,-0.482,-0.722,-29.053,112.854,-2.197
0.702,-0.441,-0.694,-34.546,118.103,-1.648
0.706,-0.482,-0.647,-27.161,124.207,0.488
0.699,-0.465,-0.63,-24.536,124.084,1.099
0.692,-0.436,-0.568,-22.583,117.004,1.648
0.698,-0.432,-0.586,-16.907,100.281,7.08
0.712,-0.441,-0.593,-7.751,85.144,12.878
0.699,-0.443,-0.583,-2.991,73.547,17.151
0.702,-0.45,-0.568,-4.333,60.364,18.86
0.727,-0.458,-0.574,-5.066,43.091,18.86
0.757,-0.449,-0.622,-2.563,27.222,16.479
0.765,-0.474,-0.679,0,21.423,8.789
0.771,-0.462,-0.706,-2.197,22.705,-1.404
0.774,-0.456,-0.721,-12.512,26.794,-10.864
0.75,-0.437,-0.697,-24.353,27.405,-18.188
0.75,-0.411,-0.69,-32.471,30.762,-25.391
0.733,-0.391,-0.639,-30.029,32.043,-31.25
0.709,-0.377,-0.585,-27.344,33.325,-35.034
0.709,-0.344,-0.55,-17.09,29.968,-36.255
0.72,-0.358,-0.547,0.671,24.658,-31.494
0.718,-0.392,-0.578,16.724,24.048,-26.245
0.708,-0.415,-0.566,29.602,22.766,-23.682
0.713,-0.443,-0.591,34.363,22.217,-23.132
0.722,-0.458,-0.605,33.081,22.583,-24.17
0.726,-0.467,-0.607,28.931,20.386,-23.315
0.713,-0.477,-0.633,24.292,18.494,-21.606
0.699,-0.487,-0.644,19.836,19.592,-21.729
0.686,-0.497,-0.65,13.794,19.104,-21.79
0.682,-0.497,-0.628,7.507,18.982,-23.193
0.682,-0.493,-0.594,2.319,19.897,-25.146
0.678,-0.486,-0.586,-3.052,19.287,-22.339
0.676,-0.507,-0.582,-4.761,17.822,-17.334
0.679,-0.516,-0.577,-6.531,18.066,-13.184
0.682,-0.517,-0.588,-9.277,16.846,-9.399
0.68,-0.52,-0.604,-10.437,15.137,-4.761
0.684,-0.525,-0.62,-11.536,14.893,-3.113
0.677,-0.526,-0.638,-11.841,11.414,-1.587
0.688,-0.518,-0.634,-12.695,8.85,-1.343
0.675,-0.521,-0.638,-13.184,6.104,-0.366
0.67,-0.516,-0.653,-12.512,2.93,2.747
0.667,-0.507,-0.636,-11.108,1.587,3.235
0.659,-0.5,-0.621,-9.644,-0.427,3.479
0.654,-0.487,-0.613,-9.705,0.488,3.967
0.665,-0.486,-0.594,-8.606,1.709,3.784
0.666,-0.481,-0.587,-7.385,0.854,3.113
0.659,-0.486,-0.588,-6.287,0.916,2.441
0.662,-0.492,-0.58,-5.615,2.136,1.465
0.668,-0.494,-0.576,-6.104,3.906,0.427
0.668,-0.493,-0.58,-6.775,3.723,-0.122
0.668,-0.499,-0.578,-8.667,3.723,-0.427
0.667,-0.5,-0.593,-9.888,3.174,0.183
0.675,-0.5,-0.602,-12.573,4.333,-0.549
0.666,-0.499,-0.583,-15.503,3.296,-0.122
0.675,-0.499,-0.602,-14.465,3.357,-0.61
0.68,-0.502,-0.608,-14.16,3.479,-0.366
0.686,-0.509,-0.606,-10.803,2.686,-1.099
0.692,-0.521,-0.595,-8.972,2.563,-1.221
0.686,-0.516,-0.587,-4.761,0.122,-1.526
0.682,-0.521,-0.593,-3.723,0.488,-0.183
0.69,-0.523,-0.556,-2.93,-1.221,0.732
0.686,-0.519,-0.559,-0.549,-2.808,0.916
0.675,-0.507,-0.57,-0.793,-1.77,2.808
0.675,-0.511,-0.574,3.723,-2.869,2.502
0.669,-0.511,-0.571,4.883,-1.343,1.343
0.665,-0.508,-0.574,5.432,-1.221,1.343
0.675,-0.506,-0.574,6.653,-0.244,-0.916
0.678,-0.509,-0.577,7.935,0.427,-2.258
0.688,-0.512,-0.578,8.24,-0.061,-2.075
,,,,,
0.669,0.12,2.117,53.04,51.819,-28.442
0.696,0.128,2.318,9.46,67.322,-22.522
0.731,0.125,2.53,-35.034,82.52,-14.282
0.77,0.192,2.653,-74.646,103.333,-5.615
0.775,0.281,2.712,-101.929,133.911,-1.709
0.771,0.375,2.681,-113.647,169.006,-3.418
0.683,0.453,2.599,-112.915,199.463,-9.46
0.581,0.544,2.508,-109.68,225.586,-17.334
0.451,0.62,2.406,-101.135,252.869,-29.968
0.272,0.61,2.272,-89.233,280.64,-46.631
0.127,0.547,2.079,-80.994,304.871,-66.956
-0.016,0.448,1.854,-76.538,326.416,-87.219
-0.127,0.32,1.599,-72.449,342.529,-100.464
-0.235,0.196,1.359,-74.28,353.088,-109.436
-0.364,0.092,1.12,-82.703,363.098,-117.004
-0.471,-0.03,0.854,-94.055,368.408,-119.141
-0.529,-0.053,0.609,-108.276,369.019,-118.713
-0.574,-0.107,0.392,-118.469,362.122,-116.455
-0.559,-0.113,0.203,-125.671,351.562,-117.92
-0.486,-0.105,0.05,-129.944,339.661,-122.131
-0.44,-0.12,-0.066,-126.282,328.064,-130.798
-0.376,-0.07,-0.162,-121.155,319.458,-141.968
-0.344,-0.113,-0.279,-103.76,311.34,-147.522
-0.236,-0.16,-0.39,-84.778,305.115,-151.855
-0.12,-0.182,-0.474,-76.111,292.786,-157.41
-0.024,-0.219,-0.536,-66.406,278.87,-160.217
0.044,-0.272,-0.608,-60.364,261.414,-160.828
0.103,-0.319,-0.662,-51.086,237,-159.18
0.176,-0.296,-0.733,-40.1,219.299,-154.358
0.271,-0.453,-0.69,-26.611,206.421,-142.09
0.314,-0.482,-0.669,-20.752,182.068,-136.597
0.372,-0.531,-0.66,-7.751,154.785,-129.089
0.436,-0.575,-0.685,6.958,127.747,-119.934
0.506,-0.617,-0.704,19.592,111.572,-107.3
0.542,-0.661,-0.703,29.541,102.234,-93.079
0.574,-0.689,-0.704,33.875,96.313,-82.764
0.601,-0.692,-0.712,32.471,91.797,-75.378
0.612,-0.672,-0.704,25.024,89.844,-68.604
0.614,-0.651,-0.705,13.245,89.783,-59.204
0.616,-0.62,-0.701,1.587,89.478,-48.828
0.617,-0.588,-0.693,-10.498,88.928,-39.063
0.614,-0.569,-0.69,-20.142,90.576,-31.677
0.621,-0.558,-0.681,-26.917,93.811,-25.513
0.622,-0.562,-0.671,-30.457,96.68,-21.851
0.631,-0.553,-0.658,-35.217,99.243,-18.433
0.628,-0.545,-0.66,-36.499,99.609,-15.869
0.628,-0.534,-0.664,-37.048,99.06,-10.01
0.624,-0.503,-0.68,-38.94,100.586,-4.822
0.624,-0.519,-0.69,-36.438,100.342,0.916
0.622,-0.504,-0.709,-34.79,96.558,5.31
0.617,-0.482,-0.732,-34.668,91.064,5.493
0.599,-0.464,-0.741,-34.18,87.402,1.404
0.596,-0.451,-0.755,-32.532,87.219,-3.784
0.558,-0.464,-0.732,-31.372,86.243,-11.353
0.556,-0.441,-0.773,-26.001,76.05,-24.597
0.564,-0.451,-0.762,-25.146,72.144,-28.503
0.562,-0.462,-0.731,-27.588,69.58,-29.846
0.567,-0.461,-0.719,-19.714,61.279,-31.128
0.574,-0.475,-0.736,-7.568,52.856,-28.748
0.58,-0.5,-0.743,-0.488,47.363,-24.536
0.59,-0.525,-0.749,1.77,43.091,-22.705
0.587,-0.549,-0.745,2.441,37.598,-22.095
0.579,-0.56,-0.748,-2.38,32.288,-19.775
0.608,-0.56,-0.732,-9.949,29.785,-18.372
0.61,-0.552,-0.717,-15.442,26.367,-14.832
0.609,-0.552,-0.719,-13.794,20.508,-10.437
0.612,-0.548,-0.72,-10.376,14.221,-6.104
0.62,-0.538,-0.717,-6.958,10.315,-4.333
0.625,-0.529,-0.705,-6.104,6.775,-2.38
0.615,-0.52,-0.708,-3.845,1.526,1.587
0.601,-0.512,-0.714,-0.916,-1.892,3.296
0.606,-0.501,-0.705,-2.075,-4.456,4.456
0.607,-0.482,-0.691,-3.967,-7.935,4.272
0.615,-0.469,-0.68,-4.883,-9.827,3.601
0.614,-0.459,-0.668,-2.014,-10.742,2.258
0.584,-0.447,-0.672,4.333,-11.719,0.793
0.623,-0.468,-0.652,17.029,-13.794,-1.587
0.605,-0.45,-0.672,21.606,-15.381,-2.686
0.664,-0.473,-0.637,26.306,-16.418,-3.723
0.632,-0.462,-0.663,16.418,-16.479,-2.502
0.625,-0.467,-0.66,11.475,-15.259,-2.991
0.638,-0.471,-0.656,8.179,-13.855,-4.7
0.648,-0.479,-0.643,6.958,-12.512,-5.981
0.642,-0.488,-0.646,5.92,-11.963,-6.104
0.623,-0.491,-0.635,4.822,-10.925,-6.226
0.708,-0.502,-0.633,3.479,-10.01,-7.019
0.671,-0.5,-0.623,3.967,-9.033,-5.127
0.672,-0.505,-0.628,3.906,-9.46,-2.502
0.671,-0.504,-0.621,2.502,-8.789,-1.221
0.669,-0.502,-0.615,0.488,-7.019,0.305
0.672,-0.501,-0.613,0.366,-6.47,2.136
0.669,-0.499,-0.619,0.244,-5.92,3.54
0.665,-0.494,-0.622,0.427,-4.822,3.967
0.666,-0.488,-0.618,-0.244,-4.272,4.456
0.667,-0.481,-0.615,-0.244,-3.906,4.517
0.668,-0.476,-0.617,0.183,-3.906,3.723
0.663,-0.477,-0.614,0.122,-4.7,3.113
0.663,-0.474,-0.609,-0.854,-5.188,2.38
0.666,-0.471,-0.608,-1.526,-5.127,1.526
0.673,-0.473,-0.608,-1.404,-5.005,0.916
0.67,-0.477,-0.605,-0.916,-5.005,0.488
0.674,-0.483,-0.607,0.916,-4.822,0
0.677,-0.491,-0.611,2.38,-4.028,0.122
0.681,-0.497,-0.614,2.563,-3.845,0.732
0.678,-0.497,-0.612,2.808,-3.845,1.77
0.677,-0.495,-0.612,3.906,-3.906,2.563
0.676,-0.492,-0.61,2.747,-2.319,3.052
0.671,-0.487,-0.611,2.991,-2.747,4.578
0.672,-0.482,-0.61,3.601,-2.625,5.188
0.679,-0.478,-0.613,3.967,-2.38,5.127
0.678,-0.475,-0.616,4.517,-2.075,5.188
0.678,-0.473,-0.612,5.432,-2.747,4.7
0.678,-0.472,-0.604,4.211,-1.648,4.028
0.68,-0.469,-0.603,5.005,-2.38,3.906
0.68,-0.465,-0.6,4.272,-1.831,2.747
0.68,-0.463,-0.599,4.517,-3.052,1.953
0.676,-0.464,-0.6,3.906,-2.441,1.282
0.676,-0.462,-0.604,4.578,-3.479,1.099
0.678,-0.463,-0.602,4.15,-2.563,-0.488
,,,,,
0.357,0.596,2.38,-25.146,-33.081,10.376
0.266,0.734,2.826,-28.625,-2.441,-4.028
0.175,0.773,3.11,-36.743,46.936,-26.733
0.196,0.737,3.19,-51.331,106.14,-53.772
0.212,0.677,3.168,-73.181,159.424,-75.562
0.184,0.633,3.073,-96.252,199.829,-88.013
0.105,0.614,2.938,-114.929,234.802,-91.797
-0.042,0.641,2.754,-122.192,268.127,-94.604
-0.216,0.681,2.535,-116.882,303.345,-101.746
-0.417,0.655,2.266,-100.769,339.722,-115.417
-0.58,0.584,1.952,-80.933,374.023,-133.484
-0.702,0.46,1.582,-60.974,404.663,-152.222
-0.753,0.272,1.204,-42.908,430.176,-168.518
-0.968,0.122,0.852,-29.968,450.012,-179.626
-0.963,-0.053,0.471,-13.428,460.144,-181.885
-0.872,-0.148,0.149,0.732,459.167,-180.603
-0.714,-0.23,-0.06,0.122,443.848,-176.086
-0.599,-0.282,-0.25,-12.756,418.945,-167.664
-0.466,-0.294,-0.372,-27.71,384.949,-154.968
-0.304,-0.255,-0.417,-50.598,351.746,-141.541
-0.167,-0.224,-0.458,-70.862,326.538,-131.592
-0.052,-0.215,-0.519,-74.158,305.359,-123.657
0.064,-0.22,-0.567,-62.988,286.499,-118.408
0.098,-0.253,-0.651,-51.147,267.761,-115.906
0.145,-0.288,-0.673,-45.715,246.033,-112.793
0.171,-0.345,-0.701,-49.5,226.624,-109.131
0.211,-0.405,-0.675,-56.396,209.167,-108.154
0.262,-0.456,-0.65,-59.814,194.458,-108.704
0.327,-0.497,-0.643,-58.716,182.129,-110.474
0.394,-0.55,-0.649,-54.932,170.715,-109.497
0.445,-0.595,-0.674,-48.401,159.485,-103.943
0.527,-0.63,-0.692,-42.175,148.865,-95.642
0.584,-0.635,-0.702,-39.673,135.62,-84.656
0.627,-0.63,-0.687,-42.114,123.108,-74.219
0.65,-0.62,-0.663,-44.128,110.168,-64.758
0.66,-0.616,-0.648,-44.189,100.647,-58.655
0.671,-0.617,-0.636,-42.48,91.431,-52.551
0.703,-0.61,-0.622,-41.443,84.717,-47.729
0.731,-0.61,-0.585,-45.593,82.764,-42.114
0.733,-0.616,-0.553,-45.41,80.139,-35.217
0.724,-0.631,-0.543,-37.354,75.928,-28.32
0.729,-0.634,-0.526,-31.433,78.796,-23.682
0.742,-0.621,-0.515,-32.349,84.106,-18.433
0.764,-0.608,-0.524,-33.752,88.806,-12.756
0.755,-0.581,-0.545,-33.447,90.759,-6.592
0.755,-0.558,-0.566,-32.41,88.501,0.549
0.752,-0.532,-0.586,-31.372,83.13,6.775
0.74,-0.505,-0.598,-27.893,76.111,10.986
0.713,-0.481,-0.599,-24.048,69.031,13.245
0.689,-0.461,-0.594,-19.287,61.584,13.306
0.686,-0.445,-0.593,-16.174,55.42,11.047
0.689,-0.438,-0.593,-13.916,50.659,7.08
0.694,-0.433,-0.599,-9.766,42.114,1.099
0.671,-0.426,-0.611,-5.188,35.706,-2.747
0.681,-0.422,-0.619,-1.648,34.607,-4.883
0.698,-0.421,-0.63,0.427,35.767,-6.775
0.697,-0.417,-0.63,-0.671,36.865,-9.338
0.691,-0.416,-0.635,-1.648,36.926,-10.925
0.705,-0.418,-0.637,1.221,36.255,-12.024
0.71,-0.426,-0.662,3.784,34.79,-12.146
0.716,-0.432,-0.663,7.385,31.616,-11.536
0.719,-0.435,-0.668,8.85,27.466,-10.132
0.722,-0.439,-0.668,10.681,22.4,-8.484
0.728,-0.441,-0.662,9.766,18.921,-6.653
0.727,-0.445,-0.65,8.728,13.916,-4.028
0.729,-0.435,-0.635,6.653,10.437,-1.282
0.735,-0.425,-0.619,3.967,7.08,1.648
0.735,-0.409,-0.603,1.099,2.93,4.639
0.727,-0.4,-0.588,-2.197,1.831,6.287
0.731,-0.391,-0.576,-4.395,0.305,8.118
0.739,-0.378,-0.558,-4.822,0.61,7.507
0.735,-0.374,-0.555,-7.568,2.686,6.47
0.734,-0.374,-0.558,-7.385,2.197,6.897
0.734,-0.38,-0.56,-5.31,3.845,5.127
0.735,-0.387,-0.558,-5.188,6.653,3.357
0.737,-0.398,-0.56,-4.333,7.507,2.258
0.744,-0.402,-0.569,-1.892,6.775,1.465
0.755,-0.402,-0.573,-0.854,8.179,-0.916
0.755,-0.403,-0.58,-1.221,7.996,-1.221
0.748,-0.403,-0.581,0.793,5.31,-1.831
0.745,-0.401,-0.571,-0.977,4.944,-2.869
0.743,-0.401,-0.562,-1.77,3.235,-3.113
0.744,-0.407,-0.557,0.732,2.075,-4.578
0.742,-0.419,-0.559,1.77,1.343,-4.944
0.748,-0.433,-0.565,3.235,-0.366,-5.432
0.758,-0.446,-0.567,1.282,0.549,-5.066
0.761,-0.449,-0.573,0.122,-0.977,-2.625
0.764,-0.453,-0.576,1.831,-2.502,-0.732
0.768,-0.451,-0.577,2.686,-2.869,0.427
0.775,-0.448,-0.576,1.587,-3.54,2.197
0.774,-0.439,-0.564,-0.793,-4.639,3.723
0.775,-0.429,-0.552,-2.136,-5.737,5.554
0.768,-0.421,-0.54,-1.709,-5.371,6.042
0.762,-0.414,-0.531,-1.343,-5.31,7.019
0.757,-0.411,-0.521,-1.038,-4.272,6.958
0.755,-0.406,-0.51,-1.221,-3.479,6.653
0.756,-0.4,-0.503,-0.793,-2.197,6.104
0.757,-0.402,-0.506,1.343,-0.488,4.578
0.758,-0.407,-0.521,3.601,0.305,3.113
0.767,-0.418,-0.539,4.639,0.854,1.709
0.788,-0.424,-0.557,6.104,1.038,-0.305
0.797,-0.434,-0.568,9.033,0.854,-1.709
0.804,-0.444,-0.572,10.498,-0.671,-0.732
0.803,-0.446,-0.563,9.583,-2.808,0.61
0.797,-0.438,-0.551,8.911,-4.822,2.136
0.794,-0.431,-0.539,7.751,-5.737,4.395
0.785,-0.418,-0.535,7.568,-6.714,7.019
0.776,-0.41,-0.525,7.874,-6.836,8.179
0.767,-0.401,-0.524,7.874,-7.874,9.827
0.761,-0.398,-0.524,7.812,-8.667,9.949
0.753,-0.403,-0.525,7.507,-8.179,9.155
0.764,-0.41,-0.539,7.69,-7.141,7.507
0.771,-0.418,-0.56,9.155,-6.226,6.042
0.778,-0.427,-0.58,9.033,-6.653,6.592
0.779,-0.428,-0.594,8.301,-7.935,7.507
0.777,-0.424,-0.592,7.324,-8.789,8.484
0.769,-0.418,-0.579,5.066,-9.216,10.132
0.754,-0.406,-0.57,3.967,-11.23,12.451
0.688,-0.379,-0.55,4.883,-13.123,13.672
,,,,,
0.413,0.113,2.257,78.003,87.83,-10.925
0.388,0.063,2.4,61.951,120.3,-8.545
0.385,0.049,2.48,38.757,153.503,-9.033
0.399,0.064,2.488,8.423,187.622,-12.39
0.404,0.14,2.516,-12.573,219.177,-20.386
0.371,0.195,2.397,-16.418,241.76,-28.076
0.335,0.255,2.281,-18.494,269.897,-27.832
0.269,0.247,2.181,-17.151,299.744,-29.297
0.158,0.222,2.016,-17.761,318.787,-36.804
0.045,0.229,1.799,-30.212,337.769,-42.053
-0.014,0.192,1.552,-41.809,359.619,-43.396
-0.1,0.176,1.233,-39.063,381.592,-43.945
-0.118,0.054,1.087,-35.461,403.992,-36.743
-0.229,0.07,0.802,-44.495,406.555,-38.208
-0.217,-0.031,0.521,-38.818,413.208,-40.527
-0.184,-0.118,0.392,-29.846,411.011,-48.767
-0.178,-0.143,0.226,-32.898,394.836,-63.599
-0.209,-0.134,0.058,-42.542,371.582,-74.219
-0.168,-0.138,-0.046,-41.443,355.347,-83.801
-0.098,-0.163,-0.141,-31.738,339.539,-91.98
-0.075,-0.256,-0.281,-22.705,326.538,-99.487
0.061,-0.238,-0.375,-19.043,311.401,-104.065
0.175,-0.233,-0.513,-13.794,300.11,-97.29
0.219,-0.27,-0.591,0.183,293.518,-79.895
0.369,-0.334,-0.573,5.249,278.32,-61.401
0.398,-0.37,-0.566,0.61,254.944,-51.636
0.413,-0.316,-0.561,-10.376,225.769,-40.649
0.455,-0.279,-0.535,-12.268,209.473,-20.63
0.494,-0.267,-0.446,0.732,205.811,4.761
0.515,-0.267,-0.34,24.536,194.946,31.006
0.555,-0.277,-0.328,53.406,164.062,52.246
0.576,-0.288,-0.371,84.045,130.31,64.697
0.585,-0.396,-0.547,111.023,100.647,73.914
0.661,-0.507,-0.768,118.958,95.337,68.604
0.701,-0.421,-0.784,71.35,116.76,40.588
0.727,-0.357,-0.694,-2.808,135.62,14.893
0.724,-0.315,-0.623,-50.842,140.564,-0.305
0.707,-0.283,-0.595,-71.899,138.733,-6.165
0.697,-0.256,-0.596,-73.914,130.92,-4.761
0.69,-0.24,-0.61,-70.862,124.023,1.038
0.649,-0.245,-0.639,-61.035,119.873,6.653
0.616,-0.24,-0.658,-51.025,116.638,13.611
0.606,-0.234,-0.669,-40.894,114.502,18.86
0.591,-0.235,-0.709,-27.588,113.953,21.606
0.583,-0.229,-0.761,-19.287,113.953,22.888
0.589,-0.228,-0.821,-17.395,112.183,23.56
0.583,-0.213,-0.86,-23.315,112.122,21.729
0.587,-0.181,-0.847,-34.302,111.938,18.311
0.577,-0.155,-0.846,-37.842,110.535,16.052
0.61,-0.162,-0.848,-33.997,107.056,14.954
0.595,-0.172,-0.85,-29.358,101.074,14.404
0.588,-0.19,-0.879,-23.132,91.98,14.038
0.579,-0.21,-0.883,-19.714,83.008,13.306
0.557,-0.204,-0.848,-18.25,75.317,12.878
0.582,-0.195,-0.88,-15.564,69.092,11.841
0.577,-0.231,-0.877,-2.563,59.57,12.207
0.588,-0.198,-0.904,4.456,53.589,10.803
0.61,-0.213,-0.91,12.268,46.997,8.179
0.561,-0.199,-0.911,10.315,43.396,7.812
0.588,-0.202,-0.917,7.019,37.659,4.028
0.584,-0.204,-0.908,2.686,32.532,-0.732
0.597,-0.204,-0.89,0.793,27.527,-3.479
0.609,-0.212,-0.871,1.77,25.146,-5.737
0.615,-0.215,-0.88,3.662,20.325,-6.714
0.626,-0.214,-0.864,2.686,14.893,-7.629
0.63,-0.196,-0.831,1.953,6.836,-7.08
0.623,-0.196,-0.811,1.648,1.953,-6.042
0.597,-0.161,-0.804,5.127,-0.427,-6.348
0.596,-0.132,-0.776,4.028,0.427,-3.296
0.626,-0.118,-0.76,0,3.235,-2.197
0.644,-0.106,-0.763,1.404,4.883,-3.418
0.655,-0.116,-0.778,2.869,6.958,-4.028
0.679,-0.141,-0.786,3.357,6.958,-3.54
0.687,-0.151,-0.782,3.235,6.653,-4.395
0.678,-0.157,-0.771,-0.977,6.958,-3.662
0.667,-0.168,-0.745,-1.953,6.653,-2.502
0.651,-0.178,-0.723,-0.793,7.507,-1.77
0.64,-0.181,-0.729,2.93,9.338,-2.319
0.635,-0.182,-0.742,4.211,10.62,-2.686
0.624,-0.187,-0.755,3.479,10.254,-1.16
0.64,-0.18,-0.773,5.493,10.01,-0.427
0.662,-0.17,-0.787,7.202,9.583,-0.366
0.675,-0.173,-0.801,6.165,8.85,0.305
0.685,-0.179,-0.809,5.371,6.409,1.099
0.692,-0.181,-0.795,2.747,4.15,0.305
0.697,-0.185,-0.781,2.258,0.244,0.244
0.686,-0.191,-0.776,1.282,-2.991,0.488
0.68,-0.19,-0.772,-0.183,-3.845,0.793
0.674,-0.19,-0.775,2.441,-5.615,2.197
0.653,-0.189,-0.777,2.686,-7.507,5.737
0.634,-0.191,-0.763,0.244,-6.958,7.019
0.631,-0.189,-0.752,0.61,-5.798,7.507
0.64,-0.179,-0.747,2.686,-3.845,7.935
0.641,-0.169,-0.746,3.845,-2.808,7.629
0.647,-0.157,-0.744,4.211,-1.709,6.958
0.663,-0.149,-0.757,5.859,-0.427,5.859
0.677,-0.15,-0.771,7.019,0.305,5.188
0.686,-0.151,-0.777,6.592,0.488,4.517
0.686,-0.148,-0.769,4.578,0.183,4.395
0.681,-0.146,-0.757,3.418,-0.183,3.967
0.669,-0.145,-0.75,3.845,-0.488,3.845
0.668,-0.152,-0.739,3.418,-0.61,3.357
0.672,-0.159,-0.74,3.357,-0.732,3.357
0.674,-0.164,-0.736,2.563,-0.732,3.418
0.675,-0.161,-0.727,1.099,-0.549,3.967
0.683,-0.16,-0.735,0.916,0.061,3.967
0.689,-0.153,-0.742,2.136,-0.305,3.845
0.694,-0.151,-0.744,2.747,-0.854,3.784
0.697,-0.151,-0.746,3.967,-2.136,3.601
0.691,-0.152,-0.746,4.089,-2.136,2.563
0.682,-0.153,-0.743,4.7,-2.686,1.648
0.681,-0.155,-0.739,5.188,-2.441,1.282
0.684,-0.159,-0.74,6.287,-1.099,0.61
0.684,-0.165,-0.742,5.981,-0.183,0.977
0.682,-0.167,-0.746,6.165,-0.305,1.953
0.677,-0.172,-0.745,4.822,0.122,2.869
0.677,-0.172,-0.753,2.747,-0.061,3.601
0.674,-0.165,-0.757,2.075,-0.854,3.723
0.667,-0.166,-0.756,0.061,-0.61,4.944
,,,,,
0.638,0.281,2.024,52.368,56.641,-9.338
0.701,0.365,2.301,52.307,85.815,-6.409
0.694,0.389,2.53,41.443,121.704,-5.615
0.686,0.382,2.656,17.883,157.959,-9.277
0.671,0.364,2.629,-7.629,187.866,-16.846
0.591,0.418,2.611,-27.039,221.863,-27.283
0.506,0.371,2.424,-31.494,253.235,-40.588
0.385,0.371,2.148,-21.301,284.058,-59.814
0.236,0.32,1.873,-14.954,314.941,-80.933
0.094,0.269,1.581,-15.747,340.454,-94.788
-0.016,0.348,1.287,-13.977,361.572,-88.684
-0.068,0.016,1.073,9.644,387.878,-60.974
-0.116,-0.105,0.948,7.874,404.114,-53.955
-0.141,-0.158,0.779,-6.775,399.353,-58.533
-0.148,-0.2,0.592,-28.259,394.653,-63.171
-0.161,-0.211,0.413,-41.809,388.489,-69.58
-0.183,-0.202,0.254,-53.589,386.414,-71.96
-0.232,-0.181,0.109,-67.383,381.165,-66.833
-0.225,-0.155,-0.069,-75.439,367.432,-61.035
-0.175,-0.144,-0.232,-76.904,357.727,-62.195
-0.084,-0.137,-0.398,-68.604,341.309,-66.04
0.027,-0.142,-0.528,-52.612,328.613,-68.848
0.147,-0.14,-0.658,-32.654,314.697,-64.575
0.294,-0.191,-0.798,-0.366,303.284,-57.861
0.455,-0.172,-0.87,27.832,296.509,-46.143
0.481,-0.235,-0.862,47.119,285.034,-20.203
0.572,-0.29,-0.789,60.791,255.432,3.723
0.586,-0.356,-0.737,62.378,209.778,18.433
0.525,-0.29,-0.73,59.265,154.114,24.048
0.495,-0.301,-0.701,58.96,113.159,37.964
0.502,-0.365,-0.672,69.641,92.712,48.95
0.509,-0.301,-0.663,72.632,85.449,41.809
0.517,-0.292,-0.747,59.143,83.435,32.593
0.55,-0.25,-0.771,29.053,86.853,21.973
0.597,-0.197,-0.765,-7.019,89.722,10.01
0.624,-0.148,-0.743,-30.273,86.67,2.319
0.658,-0.132,-0.753,-38.818,84.473,0.488
0.661,-0.14,-0.761,-38.757,84.9,1.465
0.653,-0.162,-0.761,-35.767,80.994,2.808
0.644,-0.177,-0.764,-35.583,74.951,5.737
0.652,-0.165,-0.75,-37.598,71.838,7.874
0.65,-0.146,-0.754,-36.377,67.932,10.437
0.631,-0.14,-0.75,-36.072,64.941,13.733
0.632,-0.115,-0.764,-33.752,60.425,15.503
0.636,-0.068,-0.771,-29.358,55.664,14.709
0.654,-0.035,-0.779,-21.484,51.147,12.573
0.652,-0.021,-0.769,-13,48.218,10.01
0.674,-0.026,-0.746,-5.981,45.227,6.165
0.705,-0.036,-0.733,-0.916,43.213,-0.366
0.72,-0.056,-0.711,-0.305,42.542,-5.798
0.744,-0.087,-0.692,-2.869,41.992,-7.507
0.764,-0.114,-0.679,-5.981,41.016,-6.042
0.772,-0.124,-0.645,-11.78,39.307,-2.136
0.763,-0.131,-0.634,-15.564,37.354,2.686
0.752,-0.123,-0.649,-15.32,34.973,7.629
0.734,-0.126,-0.669,-14.343,32.654,11.108
0.733,-0.122,-0.685,-13.184,30.273,13.062
0.746,-0.127,-0.69,-8.606,28.992,12.085
0.751,-0.127,-0.698,-2.441,29.175,7.263
0.757,-0.108,-0.695,-1.648,28.564,1.465
0.762,-0.099,-0.66,-6.042,27.954,-2.808
0.759,-0.099,-0.633,-6.531,29.297,-5.31
0.764,-0.112,-0.63,-2.258,30.029,-6.165
0.764,-0.122,-0.644,-1.282,30.273,-5.066
0.781,-0.14,-0.657,-3.113,29.968,-3.845
0.777,-0.152,-0.666,-3.967,26.55,-1.343
0.774,-0.177,-0.695,-5.92,23.682,4.15
0.751,-0.19,-0.721,-7.08,22.339,7.019
0.738,-0.184,-0.734,-9.094,19.226,7.751
0.725,-0.166,-0.739,-13.245,16.357,9.521
0.726,-0.151,-0.756,-15.747,14.648,10.193
0.719,-0.147,-0.763,-16.479,12.878,9.644
0.707,-0.139,-0.753,-14.282,8.24,8.362
0.698,-0.139,-0.754,-12.146,5.798,8.606
0.695,-0.151,-0.743,-8.301,5.066,7.812
0.693,-0.169,-0.713,-8.728,5.615,7.935
0.699,-0.176,-0.706,-5.493,6.836,6.042
0.701,-0.176,-0.711,-5.066,7.874,5.615
0.708,-0.168,-0.723,-3.54,8.057,5.432
0.721,-0.165,-0.737,-3.418,8.057,6.592
0.725,-0.162,-0.758,-1.099,7.568,6.836
0.728,-0.151,-0.773,-0.977,4.333,9.521
0.715,-0.146,-0.751,-3.235,2.38,10.132
0.704,-0.142,-0.73,-2.563,0.671,11.292
0.697,-0.131,-0.715,-0.854,1.709,10.254
0.688,-0.122,-0.702,-0.977,1.526,10.254
0.685,-0.111,-0.687,-3.54,4.578,9.766
0.693,-0.105,-0.69,-2.014,5.798,8.24
0.698,-0.103,-0.703,-1.831,5.676,8.911
0.704,-0.104,-0.729,-2.197,7.629,8.667
0.705,-0.108,-0.729,-1.526,7.141,7.751
0.699,-0.108,-0.733,1.038,5.615,7.324
0.707,-0.114,-0.75,1.404,4.578,7.568
0.72,-0.113,-0.766,3.54,4.272,5.249
0.735,-0.109,-0.777,4.822,2.014,4.15
0.753,-0.109,-0.771,4.883,0.427,3.296
0.759,-0.11,-0.756,4.089,-3.54,3.723
0.754,-0.103,-0.719,2.869,-6.287,3.357
0.733,-0.095,-0.681,0.488,-7.996,4.089
0.723,-0.093,-0.655,0.732,-9.155,4.639
0.719,-0.091,-0.641,-0.305,-7.141,3.296
0.722,-0.091,-0.632,0.244,-5.005,2.075
0.725,-0.102,-0.65,3.601,-4.395,1.831
0.738,-0.106,-0.674,5.493,-3.052,1.038
0.758,-0.11,-0.697,3.845,-0.183,0.488
0.77,-0.115,-0.714,4.028,-0.732,0.427
0.766,-0.116,-0.729,5.798,-3.113,0.854
0.756,-0.116,-0.718,4.639,-5.371,1.648
0.752,-0.117,-0.694,2.441,-7.263,3.296
0.748,-0.112,-0.673,0.671,-6.409,4.272
0.739,-0.103,-0.653,0.61,-5.554,3.662
0.732,-0.097,-0.64,-0.244,-3.784,3.723
0.729,-0.086,-0.636,0.122,-0.854,3.54
0.729,-0.076,-0.647,1.16,1.16,2.808
0.738,-0.067,-0.66,2.441,0.916,1.892
0.751,-0.064,-0.679,3.906,2.441,-0.549
0.753,-0.066,-0.701,4.272,3.235,-1.526
0.752,-0.08,-0.71,3.357,2.563,-1.709
0.75,-0.099,-0.721,2.991,2.38,-1.77
,,,,,
0.572,0.141,1.981,5.798,57.19,-12.329
0.568,0.181,2.103,3.967,74.28,-13.672
0.553,0.231,2.206,4.944,95.032,-14.404
0.509,0.247,2.269,6.897,121.277,-16.907
0.457,0.235,2.266,7.019,148.01,-20.996
0.395,0.241,2.177,-0.488,172.913,-25.94
0.354,0.201,2.085,-13.184,196.35,-30.273
0.327,0.183,1.979,-20.813,214.722,-40.466
0.28,0.18,1.908,-25.391,235.535,-42.664
0.197,0.146,1.812,-23.071,259.766,-34.973
0.131,0.152,1.738,-19.653,287.109,-31.616
0.035,0.187,1.629,-19.226,308.655,-30.029
-0.108,0.229,1.533,-23.254,332.886,-28.442
-0.205,0.239,1.347,-14.038,363.831,-32.654
-0.38,0.099,1.199,-0.549,403.137,-28.748
-0.371,-0.021,0.936,-5.127,427.979,-27.649
-0.421,-0.196,0.722,-4.15,445.74,-31.311
-0.415,-0.341,0.471,1.038,464.478,-38.94
-0.385,-0.4,0.257,-8.362,466.309,-42.053
-0.307,-0.438,-0.048,-23.193,452.82,-41.87
-0.162,-0.441,-0.293,-41.87,433.899,-36.804
0.002,-0.415,-0.5,-59.509,413.879,-36.133
0.098,-0.321,-0.642,-73.853,387.268,-42.664
0.156,-0.234,-0.663,-84.29,363.647,-45.349
0.175,-0.196,-0.651,-84.106,339.722,-41.382
0.191,-0.172,-0.678,-62.988,310.974,-37.109
0.166,-0.173,-0.705,-28.381,280.762,-30.396
0.221,-0.143,-0.695,-4.15,255.066,-20.447
0.265,-0.174,-0.616,12.207,226.929,-1.221
0.307,-0.184,-0.655,19.47,193.848,24.841
0.37,-0.318,-0.773,50.598,161.011,44.434
0.413,-0.449,-0.939,77.332,138.733,45.166
0.497,-0.48,-1.058,59.082,138.916,30.579
0.569,-0.443,-1.06,4.211,150.208,10.742
0.611,-0.401,-0.992,-42.969,152.832,-5.066
0.611,-0.325,-0.973,-68.481,141.174,-13.55
0.631,-0.276,-0.974,-77.026,124.023,-10.986
0.645,-0.239,-0.966,-79.041,106.934,-2.014
0.626,-0.224,-0.955,-75.989,91.736,5.798
0.63,-0.237,-0.882,-70.19,77.637,8.545
0.627,-0.25,-0.826,-61.707,70.496,8.118
0.622,-0.257,-0.794,-49.133,66.956,7.812
0.622,-0.254,-0.8,-37.781,64.697,9.949
0.626,-0.27,-0.802,-29.358,61.584,15.076
0.646,-0.272,-0.807,-26.123,58.838,21.606
0.63,-0.266,-0.804,-23.193,57.983,25.574
0.617,-0.241,-0.819,-20.386,59.509,26.55
0.632,-0.198,-0.853,-21.423,60.608,25.146
0.626,-0.141,-0.862,-31.372,58.411,23.315
0.621,-0.1,-0.853,-38.269,53.65,23.193
0.602,-0.107,-0.854,-35.706,48.706,22.705
0.59,-0.104,-0.869,-27.527,42.603,17.822
0.592,-0.1,-0.888,-21.301,37.964,13.367
0.615,-0.105,-0.847,-21.301,35.278,10.498
0.612,-0.107,-0.818,-18.677,32.593,7.568
0.606,-0.106,-0.781,-11.658,29.541,5.798
0.609,-0.119,-0.749,-5.005,27.954,5.432
0.605,-0.141,-0.761,2.747,23.865,6.409
0.614,-0.159,-0.791,6.958,22.278,6.226
0.64,-0.182,-0.807,5.31,20.447,6.104
0.674,-0.198,-0.825,4.028,18.677,3.357
0.696,-0.211,-0.841,4.822,13.916,1.831
0.702,-0.219,-0.846,3.479,10.681,-0.061
0.704,-0.215,-0.804,-1.16,4.761,0.366
0.697,-0.2,-0.775,-7.935,1.709,1.465
0.687,-0.191,-0.731,-13.428,-0.977,1.648
0.668,-0.163,-0.704,-13.489,-4.028,2.197
0.667,-0.147,-0.693,-10.132,-5.615,3.845
0.682,-0.147,-0.704,-3.906,-6.042,5.188
0.703,-0.149,-0.718,2.441,-4.517,4.456
0.74,-0.158,-0.735,10.132,-6.897,5.554
0.768,-0.172,-0.754,16.296,-7.69,6.47
0.774,-0.179,-0.76,18.25,-9.155,8.179
0.761,-0.169,-0.744,16.479,-10.62,8.667
0.729,-0.149,-0.714,11.353,-13.489,9.033
0.707,-0.142,-0.657,4.028,-11.78,7.141
0.699,-0.149,-0.628,3.784,-10.864,6.042
0.696,-0.154,-0.643,5.371,-8.301,5.188
0.703,-0.155,-0.642,3.784,-6.653,3.906
0.719,-0.15,-0.661,-0.183,-3.052,2.014
0.74,-0.14,-0.693,1.465,-1.648,0.122
0.763,-0.133,-0.704,0,-0.977,0.488
0.785,-0.133,-0.714,2.136,-1.587,-0.366
0.786,-0.138,-0.713,3.113,-2.808,0.122
0.784,-0.149,-0.691,4.456,-5.676,-0.366
0.776,-0.168,-0.676,4.089,-6.653,-0.183
0.774,-0.185,-0.667,5.615,-7.141,0.183
0.764,-0.193,-0.663,4.456,-6.592,1.343
0.757,-0.185,-0.644,2.441,-7.141,3.479
0.743,-0.173,-0.641,1.282,-5.249,5.127
0.728,-0.151,-0.641,0.61,-3.357,5.92
0.724,-0.134,-0.656,0.183,-2.563,5.981
0.728,-0.123,-0.671,-0.244,-0.916,4.639
0.737,-0.116,-0.706,1.038,-1.282,3.174
0.75,-0.114,-0.728,3.174,-1.953,0.244
0.763,-0.118,-0.724,5.432,-4.15,-0.916
0.766,-0.13,-0.714,7.507,-3.479,-2.625
0.761,-0.14,-0.69,9.766,-5.371,-2.869
0.755,-0.146,-0.67,7.202,-4.7,-2.808
0.76,-0.149,-0.647,6.47,-5.554,-2.869
0.759,-0.15,-0.646,4.211,-5.127,-0.793
0.751,-0.142,-0.657,3.174,-4.456,0.305
0.749,-0.13,-0.653,-0.183,-5.798,2.441
0.741,-0.116,-0.666,-3.54,-5.066,4.272
0.74,-0.104,-0.678,-2.747,-4.578,3.967
0.746,-0.097,-0.684,-2.686,-5.493,4.272
0.753,-0.095,-0.68,-2.014,-4.883,3.113
0.755,-0.096,-0.676,-0.122,-4.761,1.038
0.761,-0.106,-0.666,2.808,-6.165,-0.793
0.774,-0.116,-0.652,2.563,-7.568,-0.244
0.768,-0.12,-0.638,1.465,-5.981,-1.404
0.76,-0.129,-0.63,1.831,-6.042,-1.77
0.756,-0.14,-0.621,1.282,-5.493,-2.441
0.76,-0.151,-0.623,0.122,-4.272,-2.869
0.758,-0.157,-0.632,-0.427,-2.991,-2.869
0.755,-0.157,-0.634,-1.709,-2.441,-1.465
0.753,-0.154,-0.641,-2.808,0.305,-1.282
0.761,-0.149,-0.655,-0.977,0,-0.061
0.765,-0.145,-0.68,-2.014,0.366,0.61
,,,,,
0.265,-0.094,2.851,21.729,102.051,20.264
0.263,-0.023,3.365,66.101,122.498,39.612
0.093,0.076,3.804,73.975,161.255,61.035
-0.078,0.142,4,76.355,218.75,71.533
-0.306,0.225,3.892,49.988,282.532,73.792
-0.521,0.26,3.542,11.475,338.806,62.134
-0.72,0.169,2.976,-25.94,386.292,39.612
-0.918,0.115,2.355,-61.157,428.04,19.653
-1.108,0.005,1.729,-83.313,467.712,8.484
-1.272,-0.077,1.087,-83.496,500.977,2.563
-1.337,-0.258,0.518,-98.511,523.315,-2.808
-1.278,-0.369,-0.004,-114.685,524.658,-7.507
-1.125,-0.364,-0.421,-139.709,501.953,-11.78
-0.841,-0.21,-0.705,-162.72,457.947,-23.926
-0.572,-0.07,-0.804,-177.795,399.353,-48.035
-0.398,-0.022,-0.726,-173.34,347.168,-74.097
-0.236,-0.003,-0.644,-148.865,314.331,-91.858
-0.217,-0.01,-0.565,-109.497,298.95,-102.844
0.02,-0.076,-0.526,-69.58,296.143,-105.225
0.089,-0.162,-0.49,-41.809,288.818,-107.178
0.181,-0.283,-0.562,-27.161,273.987,-109.131
0.309,-0.404,-0.589,-35.339,255.676,-107.788
0.452,-0.469,-0.59,-51.697,237.793,-101.501
0.56,-0.483,-0.554,-65.552,225.647,-88.013
0.584,-0.503,-0.552,-64.575,215.332,-73.547
0.577,-0.516,-0.546,-58.228,205.2,-62.5
0.602,-0.516,-0.508,-60.242,195.374,-57.983
0.615,-0.485,-0.505,-62.622,185.425,-55.969
0.626,-0.451,-0.503,-65.369,176.697,-49.744
0.576,-0.417,-0.506,-63.66,170.288,-42.908
0.631,-0.399,-0.473,-60.242,169.25,-34.546
0.649,-0.403,-0.559,-47.241,166.504,-31.616
0.623,-0.386,-0.595,-42.603,159.363,-31.311
0.637,-0.405,-0.643,-48.523,154.419,-26.245
0.669,-0.431,-0.742,-53.65,145.752,-21.912
0.726,-0.4,-0.755,-61.218,137.268,-16.968
0.717,-0.349,-0.757,-62.378,127.93,-11.169
0.691,-0.322,-0.737,-53.406,118.286,-3.723
0.668,-0.298,-0.698,-46.875,110.107,1.77
0.639,-0.269,-0.652,-43.518,104.675,3.601
0.634,-0.249,-0.63,-40.527,102.112,3.296
0.632,-0.219,-0.641,-36.133,99.67,0.244
0.628,-0.204,-0.665,-31.555,97.412,-3.54
0.632,-0.205,-0.718,-25.391,94.543,-7.385
0.642,-0.232,-0.769,-23.987,89.6,-11.169
0.676,-0.259,-0.823,-27.832,83.496,-14.404
0.704,-0.278,-0.879,-28.992,76.233,-15.381
0.704,-0.29,-0.895,-27.344,67.322,-14.587
0.695,-0.308,-0.871,-21.973,56.763,-15.137
0.683,-0.316,-0.821,-13.489,49.072,-15.808
0.68,-0.316,-0.772,-4.272,43.945,-14.954
0.674,-0.325,-0.745,1.465,40.405,-14.465
0.681,-0.319,-0.705,1.465,36.499,-14.526
0.7,-0.302,-0.675,-1.77,33.813,-13.428
0.703,-0.287,-0.647,-4.761,32.959,-11.169
0.695,-0.276,-0.652,-8.118,33.142,-8.972
0.702,-0.262,-0.677,-10.62,33.997,-7.141
0.708,-0.251,-0.714,-14.16,34.302,-5.859
0.719,-0.262,-0.763,-14.832,31.982,-5.188
0.721,-0.28,-0.794,-10.803,27.344,-5.31
0.716,-0.293,-0.796,-7.629,22.766,-6.287
0.721,-0.29,-0.754,-7.385,18.738,-7.324
0.725,-0.291,-0.725,-5.432,15.686,-7.935
0.711,-0.28,-0.685,-2.563,13.733,-8.057
0.715,-0.263,-0.647,-1.16,14.221,-8.24
0.713,-0.251,-0.63,-0.427,14.282,-8.423
0.712,-0.252,-0.63,-1.587,13,-8.972
0.717,-0.262,-0.645,-4.028,12.634,-10.254
0.727,-0.281,-0.674,-5.371,11.902,-10.498
0.73,-0.31,-0.712,-4.944,10.498,-10.62
0.729,-0.331,-0.728,-6.042,7.446,-9.888
0.725,-0.35,-0.731,-6.47,3.784,-7.812
0.735,-0.366,-0.734,-6.104,1.038,-5.737
0.739,-0.358,-0.719,-4.944,-1.587,-3.845
0.731,-0.344,-0.695,-4.456,-3.784,-2.075
0.718,-0.331,-0.671,-4.517,-5.127,-0.549
0.716,-0.317,-0.649,-3.723,-5.981,-0.732
0.721,-0.315,-0.633,-4.089,-6.775,-1.648
0.724,-0.317,-0.613,-3.235,-6.592,-2.686
0.733,-0.324,-0.613,-1.221,-5.615,-3.418
0.747,-0.326,-0.619,0.61,-5.127,-4.211
0.759,-0.338,-0.625,1.953,-5.432,-4.456
0.768,-0.343,-0.631,2.93,-5.859,-3.906
0.772,-0.352,-0.644,2.869,-6.47,-2.38
0.778,-0.353,-0.644,0.793,-7.874,-0.305
0.776,-0.347,-0.636,-1.77,-9.216,2.197
0.766,-0.342,-0.612,-2.258,-10.803,3.296
0.758,-0.33,-0.574,-1.221,-10.315,3.967
0.748,-0.319,-0.544,0.366,-7.507,3.906
0.75,-0.304,-0.524,1.404,-3.906,2.258
0.753,-0.3,-0.524,0.61,-1.221,0.244
0.764,-0.301,-0.538,-0.977,0.366,-1.709
0.769,-0.304,-0.568,-0.977,2.014,-2.563
0.766,-0.314,-0.587,-1.16,3.113,-3.052
0.766,-0.319,-0.605,-2.991,3.479,-2.869
0.771,-0.329,-0.629,-3.357,3.052,-2.319
0.778,-0.339,-0.649,-1.465,2.136,-1.831
0.779,-0.34,-0.648,-0.732,0.427,-0.61
0.771,-0.336,-0.634,1.099,-2.075,0.549
0.751,-0.325,-0.607,3.113,-1.892,1.16
0.734,-0.313,-0.578,5.005,-2.319,1.16
0.727,-0.301,-0.568,2.075,-0.183,0.488
0.731,-0.294,-0.573,-0.488,1.587,-1.404
0.737,-0.292,-0.586,-3.967,3.54,-2.869
0.743,-0.307,-0.615,-3.845,5.066,-3.723
0.753,-0.325,-0.643,-3.784,5.676,-4.028
0.766,-0.337,-0.673,-1.892,3.784,-3.784
0.767,-0.344,-0.679,-0.854,1.953,-2.808
0.759,-0.342,-0.672,2.502,-0.854,-1.282
0.75,-0.34,-0.659,6.653,-1.892,-0.488
0.737,-0.338,-0.64,8.85,-3.296,0.854
0.732,-0.329,-0.621,7.69,-3.174,0.671
0.724,-0.332,-0.61,7.629,-3.906,0.549
0.724,-0.329,-0.611,5.798,-3.235,0.549
0.726,-0.325,-0.62,2.869,-2.38,-0.122
0.732,-0.326,-0.627,1.404,-2.258,-0.977
0.736,-0.321,-0.631,1.77,-1.953,-1.343
0.741,-0.318,-0.62,2.93,-2.014,-2.075
0.748,-0.318,-0.613,4.15,-1.709,-2.502
,,,,,
0.018,0.443,2.581,2.075,99.365,-63.416
-0.004,0.476,2.685,-21.912,131.165,-74.768
-0.028,0.501,2.723,-44.373,169.373,-86.121
-0.024,0.537,2.659,-61.218,209.412,-96.985
-0.022,0.528,2.517,-69.763,246.277,-107.422
-0.027,0.485,2.319,-69.519,278.809,-117.065
-0.032,0.422,2.108,-65.125,306.519,-123.779
-0.024,0.335,1.902,-56.702,327.82,-128.601
0.003,0.234,1.7,-46.57,345.52,-130.676
0.005,0.156,1.5,-36.072,360.962,-127.319
-0.047,0.091,1.33,-30.029,374.39,-119.751
-0.1,0.068,1.159,-35.767,382.812,-112.549
-0.188,0.041,0.978,-46.082,384.277,-106.445
-0.246,0.032,0.753,-64.27,380.981,-102.966
-0.258,0.014,0.517,-79.773,372.131,-102.6
-0.237,0.021,0.326,-90.027,357.727,-105.896
-0.187,-0.012,0.188,-86.853,342.224,-111.572
-0.12,-0.106,0.002,-70.74,327.209,-117.981
-0.018,-0.163,-0.14,-71.594,310.913,-121.704
0.1,-0.187,-0.239,-74.463,289.856,-123.718
0.192,-0.213,-0.287,-72.205,266.602,-123.962
0.254,-0.242,-0.275,-67.688,246.155,-123.169
0.255,-0.261,-0.241,-54.321,231.384,-122.681
0.403,-0.322,-0.187,-39.551,222.595,-121.277
0.364,-0.361,-0.167,-29.846,211.426,-123.169
0.474,-0.45,-0.14,-27.466,200.012,-120.3
0.466,-0.493,-0.163,-27.893,191.772,-117.615
0.467,-0.531,-0.169,-33.264,185.791,-110.962
0.453,-0.541,-0.208,-38.513,183.594,-102.051
0.483,-0.568,-0.271,-41.321,183.289,-91.553
0.511,-0.595,-0.354,-46.204,180.054,-83.679
0.552,-0.594,-0.433,-52.673,171.692,-76.721
0.662,-0.615,-0.494,-53.833,161.926,-70.74
0.699,-0.615,-0.535,-49.194,150.94,-66.956
0.713,-0.615,-0.54,-42.053,140.503,-60.547
0.726,-0.579,-0.515,-37.17,132.751,-51.331
0.712,-0.542,-0.493,-32.41,122.742,-44.189
0.695,-0.51,-0.472,-31.738,114.075,-36.621
0.685,-0.488,-0.464,-30.273,106.323,-31.372
0.703,-0.471,-0.446,-30.396,100.525,-24.536
0.693,-0.46,-0.454,-30.09,98.755,-21.729
0.673,-0.467,-0.478,-24.292,92.285,-23.56
0.656,-0.466,-0.513,-20.386,88.806,-22.339
0.686,-0.485,-0.522,-17.944,88.44,-19.043
0.71,-0.491,-0.554,-16.296,83.618,-19.043
0.712,-0.499,-0.588,-16.357,78.125,-18.921
0.736,-0.504,-0.605,-14.038,72.815,-19.043
0.764,-0.502,-0.618,-12.39,66.223,-17.578
0.772,-0.499,-0.62,-8.667,59.021,-15.198
0.759,-0.48,-0.602,-4.639,52.734,-10.376
0.763,-0.458,-0.557,-0.488,47.852,-6.592
0.75,-0.438,-0.521,4.578,41.199,-5.127
0.743,-0.428,-0.475,6.104,40.405,-5.127
0.745,-0.426,-0.455,9.277,38.513,-6.836
0.749,-0.428,-0.467,7.324,36.499,-7.751
0.754,-0.434,-0.484,3.052,34.973,-7.935
0.762,-0.44,-0.511,-2.258,35.461,-8.24
0.775,-0.443,-0.539,-5.554,32.898,-6.531
0.778,-0.437,-0.555,-10.01,31.25,-5.31
0.765,-0.442,-0.572,-8.118,27.832,-4.456
0.784,-0.45,-0.584,-3.357,24.231,-3.906
0.779,-0.452,-0.579,-0.793,18.677,-2.991
0.772,-0.447,-0.554,2.075,16.663,-2.319
0.769,-0.425,-0.53,8.911,14.954,-1.587
0.763,-0.409,-0.514,13.733,13,-0.854
0.755,-0.403,-0.503,15.32,13.123,-2.319
0.761,-0.41,-0.493,15.076,11.78,-3.54
0.77,-0.414,-0.494,12.085,11.353,-3.784
0.79,-0.413,-0.499,7.446,11.292,-2.747
0.777,-0.434,-0.522,2.747,11.841,-0.61
0.791,-0.422,-0.531,0.366,11.108,-0.366
0.779,-0.401,-0.525,-2.014,8.789,1.831
0.772,-0.388,-0.529,-1.77,9.216,1.709
0.775,-0.382,-0.537,1.465,10.254,0.488
0.776,-0.386,-0.546,5.554,8.423,-1.282
0.79,-0.393,-0.551,6.836,5.676,-2.197
0.798,-0.394,-0.548,6.897,2.197,-1.404
0.795,-0.388,-0.534,6.958,1.892,-1.587
0.797,-0.389,-0.516,9.827,-0.244,-2.197
0.791,-0.392,-0.505,10.071,-1.526,-2.197
0.797,-0.398,-0.494,10.925,-2.686,-2.502
0.809,-0.412,-0.486,9.766,-2.869,-2.319
0.811,-0.416,-0.479,8.545,-2.93,-1.282
0.802,-0.416,-0.471,5.31,-2.38,0.366
0.803,-0.402,-0.47,1.343,-1.709,1.709
0.811,-0.389,-0.485,-0.183,-0.916,2.625
0.809,-0.386,-0.492,-0.793,-0.61,2.136
0.803,-0.38,-0.495,-1.282,-1.099,1.587
0.806,-0.387,-0.5,0.427,-2.319,0.793
0.806,-0.395,-0.5,1.099,-2.258,0
0.807,-0.395,-0.489,3.662,-3.235,-0.977
0.809,-0.397,-0.488,5.371,-4.089,-0.366
0.808,-0.396,-0.48,5.371,-2.38,-1.099
0.811,-0.389,-0.471,6.714,-2.991,-2.075
0.811,-0.387,-0.462,7.935,-3.906,-2.319
0.814,-0.385,-0.457,6.531,-3.235,-1.465
0.803,-0.378,-0.47,4.761,-1.099,-2.258
0.823,-0.396,-0.439,3.479,1.953,0
0.828,-0.406,-0.478,4.883,0.793,0.61
0.822,-0.388,-0.474,5.188,-2.38,-0.854
0.826,-0.406,-0.478,4.395,-1.282,-1.526
0.83,-0.412,-0.474,6.592,-1.953,-2.197
0.829,-0.415,-0.471,6.042,-3.296,-0.916
0.826,-0.419,-0.463,6.042,-3.723,-0.61
0.822,-0.419,-0.457,5.554,-3.601,0.244
0.813,-0.412,-0.454,5.554,-3.479,1.282
0.811,-0.405,-0.452,4.517,-2.136,1.648
0.803,-0.399,-0.457,2.502,-1.038,2.197
0.797,-0.391,-0.467,1.77,-0.122,2.563
0.798,-0.388,-0.481,1.831,1.038,1.587
0.802,-0.388,-0.5,2.502,0.488,1.648
0.806,-0.392,-0.516,3.967,-0.061,0.671
0.818,-0.394,-0.53,5.371,-1.221,0.549
0.822,-0.396,-0.533,7.69,-3.357,0.122
0.827,-0.396,-0.516,9.46,-5.92,0.305
0.825,-0.396,-0.5,9.583,-7.812,1.587
0.817,-0.389,-0.48,10.376,-8.057,1.526
0.809,-0.374,-0.46,9.277,-9.216,2.686
0.797,-0.364,-0.448,8.24,-7.141,2.075
,,,,,
0.265,0.394,2.089,-25.635,121.765,-47.424
0.23,0.391,2.151,-36.316,148.071,-60.608
0.281,0.399,2.1,-45.227,175.781,-69.702
0.33,0.393,1.969,-60.791,202.454,-77.454
0.392,0.348,1.791,-69.519,221.68,-83.801
0.485,0.296,1.621,-63.354,230.469,-86.365
0.576,0.279,1.52,-52.124,233.826,-84.229
0.551,0.25,1.451,-31.372,233.704,-79.956
0.525,0.187,1.445,-9.277,235.107,-73.792
0.5,0.169,1.422,6.592,239.319,-67.566
0.452,0.176,1.422,11.841,242.31,-60.486
0.392,0.165,1.417,13.977,248.108,-54.81
0.339,0.146,1.362,11.902,258.057,-52.551
0.312,0.141,1.272,-1.892,266.296,-53.65
0.315,0.136,1.143,-21.729,269.714,-55.481
0.293,0.124,0.945,-33.569,266.968,-55.237
0.312,0.111,0.817,-43.152,260.62,-54.749
0.284,0.088,0.682,-46.692,255.066,-53.955
0.265,0.045,0.564,-38.025,249.695,-54.504
0.261,0.019,0.455,-28.076,244.202,-55.542
0.285,-0.006,0.399,-24.719,237.366,-57.068
0.284,-0.048,0.361,-21.179,228.577,-58.228
0.287,-0.063,0.346,-28.748,218.811,-57.922
0.273,-0.05,0.324,-31.128,213.989,-56.946
0.281,-0.091,0.282,-34.729,212.769,-56.946
0.32,-0.129,0.217,-47.729,209.717,-57.251
0.361,-0.149,0.132,-57.129,205.75,-57.495
0.381,-0.186,0.046,-65.308,202.087,-57.617
0.411,-0.229,-0.039,-70.313,196.35,-58.105
0.45,-0.278,-0.125,-75.928,188.66,-58.716
0.492,-0.316,-0.196,-79.285,180.298,-57.556
0.518,-0.365,-0.253,-76.416,171.57,-54.382
0.569,-0.434,-0.268,-73.242,162.048,-49.805
0.572,-0.426,-0.323,-69.336,153.076,-44.006
0.588,-0.404,-0.312,-69.336,145.874,-38.635
0.599,-0.334,-0.269,-67.932,141.113,-34.973
0.595,-0.305,-0.253,-61.279,139.648,-34.058
0.597,-0.294,-0.263,-54.443,140.808,-35.461
0.644,-0.317,-0.31,-53.711,139.221,-37.476
0.691,-0.334,-0.374,-54.565,135.803,-38.208
0.711,-0.356,-0.411,-52.063,131.653,-36.621
0.708,-0.357,-0.435,-48.523,125.793,-33.02
0.758,-0.357,-0.447,-43.091,119.812,-28.931
0.76,-0.338,-0.442,-37.231,112.976,-25.085
0.73,-0.322,-0.428,-33.569,107.483,-21.484
0.768,-0.309,-0.418,-31.799,104.98,-18.677
0.755,-0.278,-0.411,-30.701,102.539,-18.555
0.72,-0.275,-0.402,-30.64,100.464,-20.63
0.681,-0.277,-0.428,-31.799,100.403,-22.949
0.776,-0.269,-0.481,-32.654,102.661,-22.827
0.795,-0.287,-0.507,-29.236,100.464,-25.757
0.805,-0.296,-0.516,-27.283,94.971,-28.564
0.796,-0.307,-0.519,-19.836,91.003,-27.893
0.782,-0.305,-0.506,-14.282,87.891,-26.672
0.769,-0.312,-0.513,-12.695,85.388,-24.841
0.762,-0.302,-0.521,-14.038,83.191,-23.254
0.748,-0.286,-0.535,-15.076,82.092,-22.4
0.741,-0.296,-0.559,-14.709,81.482,-22.522
0.754,-0.285,-0.614,-11.963,79.651,-23.315
0.747,-0.296,-0.643,-12.39,76.233,-24.536
0.749,-0.312,-0.65,-11.78,71.472,-25.452
0.744,-0.32,-0.647,-8.301,66.833,-25.818
0.733,-0.345,-0.672,-3.845,63.232,-25.513
0.725,-0.348,-0.677,-7.324,59.814,-24.231
0.719,-0.356,-0.684,-10.498,56.763,-22.095
0.734,-0.329,-0.704,-12.512,54.077,-19.531
0.723,-0.315,-0.71,-11.414,51.208,-17.883
0.721,-0.291,-0.734,-4.639,49.011,-17.456
0.703,-0.297,-0.727,4.089,45.044,-19.104
0.699,-0.314,-0.733,8.057,40.71,-21.851
0.717,-0.342,-0.766,12.695,37.17,-23.437
0.74,-0.354,-0.781,16.602,33.203,-23.804
0.741,-0.394,-0.79,21.667,27.283,-22.156
0.73,-0.407,-0.728,21.912,20.569,-18.25
0.735,-0.398,-0.784,30.823,16.968,-14.587
0.709,-0.385,-0.734,29.175,12.024,-11.292
0.697,-0.356,-0.7,13.062,9.033,-6.714
0.714,-0.327,-0.68,8.301,7.08,-4.7
0.715,-0.313,-0.659,7.996,6.042,-6.104
0.719,-0.307,-0.655,9.583,5.31,-7.69
0.732,-0.307,-0.655,9.033,3.845,-9.46
0.741,-0.334,-0.657,7.202,2.502,-10.376
0.77,-0.342,-0.66,6.287,2.014,-9.338
0.787,-0.352,-0.665,5.371,0.488,-6.897
0.796,-0.358,-0.664,4.15,-2.258,-3.906
0.799,-0.358,-0.661,3.845,-5.005,-0.61
0.792,-0.354,-0.646,3.54,-7.812,2.808
0.772,-0.343,-0.618,2.38,-10.864,5.676
0.757,-0.322,-0.582,2.075,-12.268,6.653
0.752,-0.303,-0.554,2.502,-11.047,6.104
0.675,-0.272,-0.564,2.441,-8.24,5.249
0.819,-0.284,-0.493,-0.854,-1.221,7.385
0.794,-0.278,-0.524,2.991,-2.808,0.427
0.809,-0.268,-0.53,1.77,-2.563,-3.601
0.829,-0.291,-0.542,3.662,-2.014,-4.028
0.829,-0.304,-0.555,3.601,-2.319,-3.723
0.823,-0.312,-0.547,2.38,-3.235,-2.869
0.82,-0.322,-0.545,2.136,-3.845,-1.77
0.818,-0.321,-0.542,1.77,-3.601,-0.916
0.812,-0.331,-0.54,2.014,-3.113,-0.244
0.803,-0.322,-0.529,2.075,-3.052,0.793
0.783,-0.311,-0.516,2.136,-1.648,1.099
0.775,-0.294,-0.517,1.526,0.793,0.793
0.779,-0.275,-0.525,0.671,3.052,-0.854
0.78,-0.27,-0.54,-0.488,4.517,-2.747
0.781,-0.271,-0.561,-1.16,5.066,-4.089
0.788,-0.285,-0.586,-1.587,4.761,-5.554
0.806,-0.314,-0.612,-0.732,3.845,-5.92
0.822,-0.347,-0.642,1.77,1.709,-5.005
0.828,-0.366,-0.651,4.578,-1.648,-3.174
0.809,-0.369,-0.627,5.92,-5.432,-0.061
0.78,-0.353,-0.589,6.104,-7.385,3.54
0.763,-0.332,-0.56,6.592,-7.385,5.127
0.759,-0.314,-0.546,5.798,-5.981,5.005
0.767,-0.295,-0.545,4.028,-4.15,4.028
0.77,-0.284,-0.55,3.54,-2.625,2.502
0.777,-0.284,-0.559,4.211,-1.709,0.549
0.787,-0.286,-0.567,4.639,-1.16,-1.16
0.793,-0.296,-0.577,5.371,-1.038,-2.258
,,,,,
0.246,0.446,2.223,-27.161,86.609,7.324
0.183,0.608,2.245,-50.11,110.413,20.325
0.108,0.767,2.237,-69.397,133.057,22.217
0.062,0.899,2.216,-84.595,155.273,15.747
0.001,0.953,2.187,-95.825,175.659,5.798
-0.043,0.878,2.192,-102.234,198.181,-2.563
-0.053,0.724,2.185,-103.699,229.004,-0.732
-0.093,0.665,2.081,-93.506,270.386,14.526
-0.137,0.691,1.823,-55.847,313.843,31.799
-0.132,0.76,1.498,11.597,343.384,42.297
-0.116,0.772,1.365,93.75,344.055,41.321
-0.138,0.761,1.454,151.001,326.294,31.25
-0.228,0.731,1.608,149.658,313.11,16.968
-0.264,0.639,1.679,109.131,311.707,0.244
-0.294,0.487,1.573,71.838,321.838,-16.724
-0.309,0.297,1.405,57.617,333.252,-31.189
-0.301,0.126,1.263,53.284,342.834,-37.231
-0.298,0.082,1.107,54.81,348.511,-35.522
-0.32,0.021,1.011,67.871,355.408,-34.973
-0.346,-0.098,0.919,76.05,363.037,-34.607
-0.33,-0.199,0.753,76.416,371.887,-31.25
-0.309,-0.29,0.593,71.777,380.31,-21.729
-0.291,-0.309,0.42,63.782,384.827,-7.996
-0.255,-0.278,0.24,55.237,382.08,5.432
-0.207,-0.193,0.067,40.955,374.695,16.174
-0.162,-0.142,-0.113,14.343,362.366,21.24
-0.089,-0.131,-0.27,-25.94,343.262,23.743
-0.064,-0.126,-0.432,-65.857,315.796,28.381
-0.014,-0.086,-0.523,-93.75,282.471,33.386
0.025,-0.053,-0.553,-110.107,250.549,35.706
0.068,-0.026,-0.557,-115.54,225.647,36.133
0.127,0.044,-0.587,-112.488,209.9,34.424
0.171,0.122,-0.594,-105.835,202.148,29.419
0.184,0.177,-0.617,-95.642,199.219,20.508
0.191,0.171,-0.646,-87.28,200.5,9.46
0.219,0.142,-0.721,-80.566,204.224,0.366
0.255,0.14,-0.829,-75.5,205.872,-4.7
0.291,0.132,-0.953,-71.411,202.393,-7.202
0.346,0.13,-1.08,-70.251,194.336,-10.437
0.381,0.088,-1.181,-65.918,182.983,-14.709
0.397,0.041,-1.246,-58.289,170.471,-17.7
0.43,0.007,-1.285,-49.561,157.715,-18.616
0.444,-0.017,-1.303,-39.612,145.02,-15.686
0.454,-0.027,-1.303,-30.457,132.935,-9.583
0.464,-0.01,-1.299,-23.193,121.521,-2.258
0.48,0.022,-1.305,-21.179,109.863,6.836
0.493,0.065,-1.308,-19.958,96.924,15.015
0.516,0.119,-1.298,-15.503,84.29,18.677
0.536,0.144,-1.256,-7.69,73.853,16.479
0.552,0.153,-1.206,2.258,65.674,11.108
0.572,0.171,-1.153,10.803,59.937,4.883
0.593,0.191,-1.102,15.442,54.016,-0.244
0.603,0.193,-1.055,15.076,46.692,-4.7
0.616,0.178,-1.022,8.118,37.903,-8.545
0.627,0.154,-0.989,-2.991,27.405,-9.644
0.634,0.099,-0.942,-13.123,16.357,-8.24
0.644,0.054,-0.9,-21.912,6.226,-3.723
0.649,0.032,-0.87,-26.489,0.549,3.845
0.667,0.048,-0.841,-23.621,-1.953,13.367
0.695,0.07,-0.824,-13.733,-2.136,19.958
0.714,0.112,-0.791,-3.723,-0.549,23.621
0.715,0.158,-0.769,6.775,2.319,24.475
0.761,0.221,-0.747,12.878,3.479,21.24
0.711,0.249,-0.732,13.123,2.563,16.541
0.707,0.272,-0.745,7.629,1.404,10.132
0.7,0.285,-0.765,-1.831,-2.38,3.357
0.68,0.273,-0.77,-8.301,-8.362,-2.197
0.672,0.235,-0.76,-13.367,-15.32,-6.47
0.68,0.195,-0.736,-16.235,-20.508,-8.484
0.689,0.177,-0.717,-15.869,-22.278,-8.301
0.703,0.165,-0.688,-11.414,-22.705,-6.958
0.728,0.153,-0.667,-5.737,-20.142,-5.249
0.746,0.168,-0.653,-0.61,-16.235,-4.272
0.76,0.175,-0.642,4.578,-12.512,-4.7
0.771,0.179,-0.639,7.507,-9.949,-6.348
0.779,0.174,-0.634,8.484,-7.812,-9.094
0.787,0.159,-0.631,9.155,-7.019,-11.841
0.79,0.143,-0.621,8.362,-7.019,-13.733
0.791,0.123,-0.614,8.179,-7.263,-14.282
0.794,0.111,-0.608,7.263,-7.202,-13.367
0.789,0.099,-0.602,6.897,-6.714,-10.925
0.793,0.089,-0.601,7.507,-5.676,-8.118
0.801,0.082,-0.596,8.24,-4.639,-4.211
0.803,0.092,-0.596,8.667,-3.54,0.183
0.805,0.114,-0.598,10.193,-2.747,4.517
0.808,0.143,-0.597,10.803,-1.648,7.141
0.803,0.173,-0.595,10.315,-1.16,7.08
0.793,0.193,-0.6,8.057,-0.427,4.883
0.783,0.197,-0.609,4.456,0.183,1.465
0.767,0.189,-0.621,1.465,0,-2.136
0.756,0.173,-0.631,1.038,0,-4.028
0.748,0.151,-0.634,1.099,0.366,-4.761
0.752,0.139,-0.645,1.648,0.977,-3.906
0.761,0.141,-0.643,2.686,1.038,-1.831
0.763,0.155,-0.646,4.761,1.343,-0.183
0.766,0.161,-0.644,6.775,1.648,1.038
0.772,0.167,-0.643,7.324,2.136,1.343
0.775,0.172,-0.642,7.446,2.747,0.671
0.772,0.174,-0.642,7.446,3.174,-0.244
0.77,0.175,-0.65,7.385,2.93,-1.465
0.764,0.181,-0.653,5.676,2.075,-2.258
0.763,0.178,-0.651,5.127,0.732,-2.869
0.755,0.172,-0.647,4.211,0.122,-3.174
0.754,0.165,-0.643,3.174,-0.549,-2.991
0.756,0.153,-0.637,3.784,-0.671,-2.686
0.757,0.147,-0.64,4.761,0.183,-1.587
0.76,0.156,-0.642,5.798,1.282,0
0.763,0.163,-0.642,7.202,1.831,1.526
0.77,0.176,-0.644,8.118,2.258,1.831
0.766,0.183,-0.643,7.751,1.831,1.099
0.761,0.188,-0.648,6.958,1.404,0
0.762,0.191,-0.649,4.883,0.61,-1.343
0.758,0.195,-0.651,3.174,-0.854,-2.258
0.761,0.189,-0.648,4.028,-2.808,-3.418
0.756,0.173,-0.636,1.953,-2.686,-4.15
0.757,0.154,-0.625,2.136,-3.845,-3.784
0.765,0.145,-0.624,3.174,-2.258,-3.357
0.768,0.148,-0.626,2.991,-0.427,-0.732
0.772,0.158,-0.629,7.08,0.366,0.549
